"index","from","to"
"22","2014-07-02 08:00:00","2014-07-02 13:00:00"
"23","2014-07-03 16:00:00","2014-07-04 07:42:00"
"24","2014-07-02 17:00:00","2014-07-02 19:00:00"
"25","2014-07-03 08:00:00","2014-07-03 09:00:00"
"26","2014-07-02 19:00:00","2014-07-02 22:00:00"
"27","2014-07-03 09:00:00","2014-07-03 16:00:00"
"29","2014-07-01 08:00:00","2014-07-01 17:00:00"
"30","2014-07-08 09:00:00","2014-07-08 14:00:00"
"31","2014-07-18 09:00:00","2014-07-21 08:00:00"
"33","2014-07-04 08:00:00","2014-07-04 12:00:00"
"34","2014-07-04 12:00:00","2014-07-04 14:00:00"
"35","2014-07-04 15:00:00","2014-07-06 23:00:00"
"36","2014-07-09 15:00:00","2014-07-11 08:00:00"
"38","2014-07-24 08:00:00","2014-07-25 08:00:00"
"39","2014-07-31 09:00:00","2014-08-11 08:00:00"
"42","2014-07-09 08:00:00","2014-07-09 15:00:00"
"43","2014-07-15 11:00:00","2014-07-16 17:00:00"
"44","2014-07-12 10:00:00","2014-07-12 12:00:00"
"45","2014-07-12 12:00:00","2014-07-12 17:00:00"
"46","2014-07-13 08:00:00","2014-07-14 08:00:00"
"47","2014-08-14 15:00:00","2014-08-18 08:00:00"
"48","2014-07-17 10:00:00","2014-07-17 14:00:00"
"49","2014-07-22 08:00:00","2014-07-23 14:00:00"
"50","2014-07-25 08:00:00","2014-07-28 08:00:00"
"52","2014-07-23 15:00:00","2014-07-24 08:00:00"
"53","2014-07-28 16:00:00","2014-07-29 11:00:00"
"54","2014-07-28 10:00:00","2014-07-28 14:00:00"
"58","2014-08-11 13:00:00","2014-08-11 15:00:00"
"59","2014-08-22 15:00:00","2014-08-22 17:00:00"
"60","2014-08-11 16:00:00","2014-08-12 08:00:00"
"61","2014-08-12 15:00:00","2014-08-13 09:00:00"
"64","2014-08-25 08:00:00","2014-08-25 14:00:00"
"65","2014-08-19 09:00:00","2014-08-19 17:00:00"
"66","2014-08-18 16:00:00","2014-08-18 17:00:00"
"67","2014-08-26 17:00:00","2014-08-27 10:00:00"
"68","2014-10-13 16:00:00","2014-10-15 09:00:00"
"70","2014-09-08 09:18:00","2014-09-09 09:18:00"
"72","2014-08-27 17:00:00","2014-08-28 09:00:00"
"73","2014-08-29 13:30:00","2014-08-29 17:00:00"
"74","2014-08-29 18:00:00","2014-09-01 08:00:00"
"75","2014-09-01 08:00:00","2014-09-01 17:00:00"
"76","2014-09-22 09:00:00","2014-09-23 08:00:00"
"78","2014-09-01 17:00:00","2014-09-02 11:00:00"
"79","2014-09-04 16:00:00","2014-09-05 09:00:00"
"80","2014-09-12 12:00:00","2014-09-15 10:00:00"
"81","2014-09-03 10:00:00","2014-09-04 15:30:00"
"82","2014-09-05 13:00:00","2014-09-05 17:00:00"
"83","2014-09-05 17:30:00","2014-09-06 14:00:00"
"85","2014-09-10 17:00:00","2014-09-11 11:00:00"
"86","2014-09-06 14:00:00","2014-09-08 08:00:00"
"87","2014-09-15 17:00:00","2014-09-16 09:00:00"
"88","2014-09-09 09:30:00","2014-09-09 13:00:00"
"89","2014-09-09 14:00:00","2014-09-09 16:00:00"
"90","2014-09-11 12:00:00","2014-09-11 13:30:00"
"91","2014-09-12 08:00:00","2014-09-12 10:00:00"
"93","2014-09-15 16:00:00","2014-09-15 17:00:00"
"94","2014-09-18 09:00:00","2014-09-18 12:00:00"
"95","2014-09-17 08:00:00","2014-09-17 12:00:00"
"96","2014-09-16 14:49:00","2014-09-16 17:00:00"
"98","2014-09-17 17:00:00","2014-09-18 09:00:00"
"99","2014-09-18 12:00:00","2014-09-18 16:00:00"
"100","2014-09-19 14:00:00","2014-09-22 09:00:00"
"101","2014-09-23 14:00:00","2014-09-23 17:00:00"
"102","2014-09-19 09:00:00","2014-09-19 13:00:00"
"105","2014-09-24 14:00:00","2014-09-24 16:00:00"
"106","2014-09-25 16:30:00","2014-09-26 08:30:00"
"107","2014-09-23 17:00:00","2014-09-24 10:00:00"
"109","2014-09-23 09:30:00","2014-09-23 13:00:00"
"115","2014-09-24 17:00:00","2014-09-25 09:00:00"
"116","2014-11-14 17:00:00","2014-11-17 09:00:00"
"117","2014-09-25 11:00:00","2014-09-25 15:00:00"
"118","2014-09-26 14:00:00","2014-09-26 17:00:00"
"119","2014-09-26 13:00:00","2014-09-26 14:00:00"
"120","2014-10-02 15:00:00","2014-10-02 16:00:00"
"121","2014-09-29 16:00:00","2014-09-30 08:00:00"
"122","2014-09-29 13:30:00","2014-09-29 15:50:00"
"124","2014-09-30 10:30:00","2014-09-30 14:30:00"
"125","2014-09-30 14:33:00","2014-10-01 08:00:00"
"126","2014-10-02 16:00:00","2014-10-03 19:00:00"
"128","2014-10-01 16:30:00","2014-10-02 09:00:00"
"129","2014-10-04 15:00:00","2014-10-04 19:00:00"
"130","2014-10-06 09:00:00","2014-10-06 17:00:00"
"131","2014-10-10 09:00:00","2014-10-10 13:00:00"
"132","2014-10-07 14:00:00","2014-10-07 16:00:00"
"133","2014-10-08 14:00:00","2014-10-08 15:00:00"
"135","2014-10-08 16:00:00","2014-10-08 17:00:00"
"136","2014-10-09 14:00:00","2014-10-09 17:00:00"
"138","2014-10-30 12:00:00","2014-10-31 17:00:00"
"139","2014-10-13 11:30:00","2014-10-13 13:30:00"
"140","2014-10-15 17:00:00","2014-10-17 17:00:00"
"141","2014-10-13 13:30:00","2014-10-13 15:30:00"
"144","2014-10-21 13:00:00","2014-10-21 18:00:00"
"146","2014-10-15 10:30:00","2014-10-15 13:00:00"
"147","2014-10-20 10:00:00","2014-10-20 12:00:00"
"150","2014-10-19 12:00:00","2014-10-20 10:00:00"
"152","2014-10-17 17:00:00","2014-10-18 17:00:00"
"153","2014-10-18 18:00:00","2014-10-19 12:00:00"
"154","2014-10-24 15:00:00","2014-10-24 17:00:00"
"155","2014-10-22 09:00:00","2014-10-22 12:00:00"
"156","2014-10-22 12:00:00","2014-10-23 17:00:00"
"157","2014-10-25 15:00:00","2014-10-25 19:00:00"
"158","2014-10-24 08:00:00","2014-10-24 13:00:00"
"159","2014-10-28 12:00:00","2014-10-28 17:00:00"
"161","2014-10-31 17:00:00","2014-11-03 10:00:00"
"162","2014-10-30 08:00:00","2014-10-30 12:00:00"
"164","2014-11-03 12:00:00","2014-11-03 17:00:00"
"165","2014-11-28 16:45:00","2014-11-28 19:00:00"
"166","2014-11-03 11:00:00","2014-11-03 12:00:00"
"167","2014-11-03 17:00:00","2014-11-03 21:00:00"
"168","2014-11-04 14:00:00","2014-11-04 17:00:00"
"169","2014-11-10 10:00:00","2014-11-10 13:00:00"
"170","2014-11-06 12:30:00","2014-11-07 17:00:00"
"171","2014-11-07 17:00:00","2014-11-07 17:00:00"
"172","2014-11-21 14:00:00","2014-11-24 14:00:00"
"173","2014-11-11 10:00:00","2014-11-11 14:00:00"
"174","2014-11-10 14:00:00","2014-11-10 16:00:00"
"175","2014-11-14 14:00:00","2014-11-14 17:00:00"
"176","2014-11-12 08:00:00","2014-11-12 09:00:00"
"177","2014-11-13 14:00:00","2014-11-14 10:00:00"
"178","2014-11-13 13:00:00","2014-11-13 14:00:00"
"179","2014-11-13 10:00:00","2014-11-13 12:00:00"
"181","2014-11-18 16:00:00","2014-11-19 12:00:00"
"182","2014-11-17 16:00:00","2014-11-17 17:00:00"
"183","2014-11-17 17:00:00","2014-11-18 16:00:00"
"184","2014-11-21 10:00:00","2014-11-21 13:00:00"
"185","2014-11-19 12:00:00","2014-11-20 14:00:00"
"186","2014-11-21 08:30:00","2014-11-21 10:00:00"
"187","2014-11-24 15:00:00","2014-11-25 17:00:00"
"188","2014-11-20 14:00:00","2014-11-21 08:00:00"
"189","2014-11-28 19:00:00","2014-12-01 09:00:00"
"191","2014-12-01 15:30:00","2014-12-01 18:00:00"
"192","2014-11-27 09:00:00","2014-11-27 13:00:00"
"194","2014-11-27 13:00:00","2014-11-27 16:00:00"
"195","2014-11-28 10:00:00","2014-11-28 14:00:00"
"197","2014-12-02 09:45:00","2014-12-02 12:15:00"
"198","2014-12-03 14:30:00","2014-12-04 17:00:00"
"199","2014-12-02 14:00:00","2014-12-03 13:00:00"
"200","2014-12-08 14:00:00","2014-12-09 12:00:00"
"201","2014-12-12 12:00:00","2014-12-15 10:00:00"
"202","2014-12-09 12:00:00","2014-12-09 17:00:00"
"203","2014-12-11 12:00:00","2014-12-12 12:00:00"
"204","2014-12-10 10:00:00","2014-12-10 17:00:00"
"207","2014-12-15 16:00:00","2014-12-16 11:00:00"
"208","2014-12-15 10:00:00","2014-12-15 14:00:00"
"209","2014-12-16 12:00:00","2014-12-16 16:00:00"
"210","2014-12-17 10:00:00","2014-12-17 14:00:00"
"211","2014-12-17 14:00:00","2014-12-18 16:00:00"
"213","2014-12-19 15:00:00","2014-12-22 10:00:00"
